{
  "good_config": {
    "chunk_size": 512,
    "chunk_overlap": 50,
    "top_k": 4,
    "scores": {
      "faithfulness": 0.8295454545454546,
      "answer_relevancy": 0.5023286776033185,
      "context_precision": 0.5833333333052083,
      "context_recall": 0.625
    }
  },
  "bad_config": {
    "chunk_size": 128,
    "chunk_overlap": 0,
    "top_k": 2,
    "scores": {
      "faithfulness": 0.75,
      "answer_relevancy": 0.19079845809047163,
      "context_precision": 0.37499999996875,
      "context_recall": 0.25
    }
  }
}